t,setpoint,depth,depth_rate,u,status
0.0,0.5,0.2473,-0.1326,0.3,OK
0.109,0.5,0.27,0.0314,0.2463,OK
0.218,0.5,0.27,0.0314,0.3,OK
0.328,0.5,0.2413,-0.1063,0.3,OK
0.422,0.5,0.2509,-0.0183,0.3,OK
0.531,0.5,0.2351,-0.0855,0.3,OK
0.64,0.5,0.2647,0.1026,0.3,OK
0.734,0.5,0.3065,0.2609,-0.0336,OK
0.828,0.5,0.3216,0.2139,0.0874,OK
0.937,0.5,0.3852,0.4103,-0.3,OK
1.047,0.5,0.4048,0.288,-0.2211,OK
1.156,0.5,0.4301,0.259,-0.282,OK
1.265,0.5,0.4548,0.2422,-0.3,OK
1.375,0.5,0.4548,0.2422,-0.3,OK
1.468,0.5,0.477,0.1367,-0.2307,OK
1.578,0.5,0.4428,-0.0818,0.2506,OK
1.687,0.5,0.3887,-0.2975,0.3,OK
1.781,0.5,0.3786,-0.2087,0.3,OK
1.875,0.5,0.3603,-0.2025,0.3,OK
1.968,0.5,0.3686,-0.0657,0.3,OK
2.062,0.5,0.3697,-0.0294,0.3,OK
2.172,0.5,0.3952,0.1106,0.0386,OK
2.281,0.5,0.4051,0.1001,0.1039,OK
2.39,0.5,0.4459,0.2429,-0.2746,OK
2.5,0.5,0.4459,0.2429,-0.2507,OK
2.593,0.5,0.495,0.2421,-0.3,OK
2.687,0.5,0.4586,-0.025,0.2326,OK
2.781,0.5,0.4636,0.0116,0.0263,OK
2.89,0.5,0.4782,0.0771,-0.0819,OK
3.0,0.5,0.4795,0.0429,0.0019,OK
3.109,0.5,0.4994,0.1154,-0.2168,OK
3.218,0.5,0.4994,0.1154,-0.199,OK
3.312,0.5,0.4698,-0.0921,0.2931,OK
3.406,0.5,0.4558,-0.1161,0.2872,OK
3.5,0.5,0.445,-0.1158,0.3,OK
3.609,0.5,0.4248,-0.1527,0.3,OK
3.718,0.5,0.4288,-0.054,0.3,OK
3.828,0.5,0.445,0.0517,0.1001,OK
3.937,0.5,0.4748,0.1672,-0.1461,OK
4.031,0.5,0.4991,0.209,-0.2673,OK
4.125,0.5,0.5139,0.1849,-0.2756,OK
4.218,0.5,0.5139,0.1849,-0.3,OK
4.328,0.5,0.5641,0.2352,-0.3,OK
4.437,0.5,0.5367,-0.0001,-0.0636,OK
4.547,0.5,0.5122,-0.1169,0.1597,OK
4.64,0.5,0.4607,-0.3182,0.3,OK
4.75,0.5,0.4286,-0.3043,0.3,OK
4.843,0.5,0.4411,-0.1028,0.2761,OK
4.953,0.5,0.4425,-0.0412,0.1966,OK
5.062,0.5,0.436,-0.0508,0.2817,OK
5.172,0.5,0.4769,0.1706,-0.2411,OK
5.281,0.5,0.5018,0.2009,-0.2752,OK
5.39,0.5,0.5006,0.0905,-0.0893,OK
5.5,0.5,0.5215,0.1429,-0.3,OK
5.609,0.5,0.4804,-0.1279,0.3,OK
5.718,0.5,0.4804,-0.1279,0.2378,OK
5.812,0.5,0.5007,0.0532,-0.1517,OK
5.906,0.5,0.5013,0.0334,-0.0264,OK
6.015,0.5,0.5162,0.0879,-0.2145,OK
6.125,0.5,0.4932,-0.0698,0.1819,OK
6.234,0.5,0.4632,-0.177,0.3,OK
6.343,0.5,0.4686,-0.0588,0.1459,OK
6.453,0.5,0.4734,-0.0051,0.0871,OK
6.547,0.5,0.4882,0.0697,-0.0858,OK
6.656,0.5,0.492,0.0512,-0.0255,OK
6.765,0.5,0.5038,0.0814,-0.1407,OK
6.875,0.5,0.5143,0.0884,-0.1713,OK
6.984,0.5,0.4907,-0.0702,0.1911,OK
7.078,0.5,0.4853,-0.0642,0.1214,OK
7.172,0.5,0.4853,-0.0642,0.1647,OK
7.265,0.5,0.4874,-0.0065,0.0385,OK
7.375,0.5,0.491,0.0129,0.0283,OK
7.484,0.5,0.4875,-0.0106,0.0887,OK
7.593,0.5,0.4974,0.0429,-0.0552,OK
7.687,0.5,0.4885,-0.021,0.1346,OK
7.781,0.5,0.49,-0.0038,0.0527,OK
7.89,0.5,0.5228,0.1585,-0.3,OK
8.0,0.5,0.5381,0.1481,-0.2992,OK
8.109,0.5,0.5075,-0.0748,0.1751,OK
8.218,0.5,0.5075,-0.0748,0.0816,OK
8.328,0.5,0.5144,0.0133,-0.0803,OK
8.422,0.5,0.5126,-0.0003,-0.0117,OK
8.515,0.5,0.4892,-0.1172,0.2761,OK
8.609,0.5,0.4724,-0.1463,0.3,OK
8.718,0.5,0.4879,0.0077,0.0184,OK
8.828,0.5,0.4856,-0.0076,0.1298,OK
8.937,0.5,0.4783,-0.0385,0.1894,OK
9.047,0.5,0.4713,-0.0513,0.2333,OK
9.14,0.5,0.4876,0.0522,-0.0217,OK
9.234,0.5,0.4991,0.0849,-0.0657,OK
9.343,0.5,0.5081,0.0838,-0.0936,OK
9.453,0.5,0.5338,0.1625,-0.3,OK
9.562,0.5,0.5632,0.218,-0.3,OK
9.656,0.5,0.5535,0.0703,-0.1994,OK
9.75,0.5,0.53,-0.0803,0.1211,OK
9.843,0.5,0.53,-0.0803,0.0587,OK
9.953,0.5,0.527,-0.0278,-0.0211,OK
10.062,0.5,0.5117,-0.0822,0.1437,OK
10.172,0.5,0.4969,-0.1098,0.2095,OK
10.265,0.5,0.4945,-0.0712,0.1423,OK
10.359,0.5,0.4773,-0.124,0.3,OK
10.468,0.5,0.4745,-0.0716,0.2243,OK
10.578,0.5,0.4862,0.0222,0.0479,OK
10.672,0.5,0.4881,0.0212,0.0901,OK
10.765,0.5,0.5012,0.077,-0.0758,OK
10.859,0.5,0.5012,0.077,-0.0584,OK
10.953,0.5,0.5446,0.1954,-0.3,OK
11.062,0.5,0.5408,0.0829,-0.1715,OK
11.172,0.5,0.5253,-0.0343,0.0395,OK
11.265,0.5,0.5334,0.0216,-0.1576,OK
11.359,0.5,0.5207,-0.0521,0.0678,OK
11.468,0.5,0.5051,-0.1007,0.1537,OK
11.578,0.5,0.5087,-0.0306,0.001,OK
11.687,0.5,0.4852,-0.127,0.2968,OK
11.797,0.5,0.4857,-0.0576,0.1147,OK
11.89,0.5,0.4883,-0.0185,0.088,OK
11.984,0.5,0.4944,0.0203,0.0029,OK
12.093,1.0,0.4916,-0.004,0.3,OK
12.203,1.0,0.4916,-0.004,0.3,OK
12.312,1.0,0.5344,0.1612,0.3,OK
12.422,1.0,0.5678,0.23,0.3,OK
12.531,1.0,0.5856,0.1954,0.3,OK
12.64,1.0,0.6076,0.1988,0.3,OK
12.734,1.0,0.6337,0.2353,0.3,OK
12.843,1.0,0.6776,0.324,0.2033,OK
12.937,1.0,0.7453,0.5075,-0.2455,OK
13.047,1.0,0.8116,0.5583,-0.3,OK
13.156,1.0,0.8455,0.4293,-0.3,OK
13.265,1.0,0.8821,0.3806,-0.3,OK
13.375,1.0,0.906,0.2946,-0.3,OK
13.484,1.0,0.8908,0.0685,0.1166,OK
13.593,1.0,0.9154,0.1505,-0.1827,OK
13.687,1.0,0.8894,-0.0468,0.3,OK
13.781,1.0,0.8606,-0.1687,0.3,OK
13.875,1.0,0.8606,-0.1687,0.3,OK
13.968,1.0,0.8656,-0.0186,0.3,OK
14.078,1.0,0.8748,0.0315,0.2485,OK
14.187,1.0,0.8887,0.0815,0.1624,OK
14.297,1.0,0.9133,0.1564,-0.004,OK
14.39,1.0,0.9425,0.2285,-0.1947,OK
14.5,1.0,0.9864,0.3199,-0.3,OK
14.609,1.0,0.9931,0.1851,-0.2394,OK
14.718,1.0,1.0324,0.2763,-0.3,OK
14.828,1.0,1.0175,0.0605,-0.1136,OK
14.937,1.0,0.9721,-0.188,0.3,OK
15.047,1.0,0.9758,-0.0715,0.1139,OK
15.14,1.0,0.9722,-0.0566,0.1636,OK
15.234,1.0,0.9722,-0.0566,0.1777,OK
15.343,1.0,0.9642,-0.0429,0.1841,OK
15.453,1.0,0.9605,-0.0383,0.204,OK
15.547,1.0,0.9715,0.033,0.039,OK
15.64,1.0,0.9905,0.1132,-0.1373,OK
15.75,1.0,1.0103,0.1491,-0.2373,OK
15.843,1.0,1.0089,0.0741,-0.0858,OK
15.953,1.0,1.0124,0.0515,-0.1075,OK
16.062,1.0,1.012,0.0228,-0.0575,OK
16.156,1.0,1.016,0.0316,-0.1093,OK
16.265,1.0,1.016,0.0316,-0.1109,OK
16.375,1.0,1.0046,-0.0379,0.0474,OK
16.484,1.0,0.9804,-0.1267,0.2519,OK
16.593,1.0,0.9429,-0.2398,0.3,OK
16.703,1.0,0.9302,-0.1738,0.3,OK
16.797,1.0,0.9336,-0.0767,0.2851,OK
16.89,1.0,0.9474,0.0281,0.0683,OK
16.984,1.0,0.9644,0.1001,-0.0639,OK
17.093,1.0,0.985,0.1473,-0.1872,OK
17.203,1.0,1.0151,0.2136,-0.3,OK
17.312,1.0,0.9896,-0.0192,0.1302,OK
17.422,1.0,1.0225,0.1481,-0.3,OK
17.531,1.0,1.0016,-0.0289,0.1042,OK
17.625,1.0,1.0116,0.0335,-0.1505,OK
17.718,1.0,0.9993,-0.0437,0.1015,OK
17.828,1.0,0.9993,-0.0437,0.0513,OK
17.937,1.0,0.9716,-0.1129,0.2762,OK
18.047,1.0,0.9303,-0.24,0.3,OK
18.156,1.0,0.922,-0.1546,0.3,OK
18.265,1.0,0.9191,-0.0875,0.3,OK
18.375,1.0,0.9553,0.1321,-0.1181,OK
18.484,1.0,0.9826,0.1934,-0.2257,OK
18.578,1.0,0.9971,0.1755,-0.2399,OK
18.672,1.0,1.0001,0.1079,-0.1408,OK
18.765,1.0,1.0132,0.1232,-0.2574,OK
18.875,1.0,1.021,0.0951,-0.2233,OK
18.984,1.0,1.0018,-0.0459,0.0734,OK
19.093,1.0,0.9836,-0.1088,0.1818,OK
19.187,1.0,0.97,-0.1256,0.2561,OK
19.281,1.0,0.97,-0.1256,0.2871,OK
19.39,1.0,0.9288,-0.1878,0.3,OK
19.5,1.0,0.9288,-0.1878,0.3,OK
19.609,1.0,0.9319,-0.0038,0.1911,OK
19.718,1.0,0.9892,0.2549,-0.3,OK
19.828,1.0,1.0144,0.2415,-0.3,OK
19.922,1.0,1.0307,0.2099,-0.3,OK
20.015,1.0,1.037,0.1433,-0.3,OK
20.125,1.0,1.035,0.0571,-0.1724,OK
20.234,1.0,1.0071,-0.1062,0.1677,OK
20.343,1.0,1.0071,-0.1062,0.1162,OK
20.453,1.0,1.0099,-0.008,-0.0613,OK
20.547,1.0,0.9947,-0.0725,0.1594,OK
20.656,1.0,0.977,-0.1198,0.2619,OK
20.765,1.0,0.9546,-0.1649,0.3,OK
20.875,1.0,0.9402,-0.1473,0.3,OK
20.984,1.0,0.946,-0.0427,0.2386,OK
21.093,1.0,0.9551,0.0229,0.1254,OK
21.203,1.0,0.9913,0.1834,-0.2398,OK
21.312,1.0,1.0397,0.3194,-0.3,OK
21.406,1.0,1.037,0.1588,-0.2628,OK
21.5,1.0,1.0426,0.112,-0.2369,OK
21.609,1.0,1.0411,0.0451,-0.1429,OK
21.718,1.0,1.0411,0.0451,-0.1952,OK
21.828,1.0,1.0159,-0.0874,0.1206,OK
21.922,1.0,0.9948,-0.1448,0.2332,OK
22.015,1.0,0.9674,-0.2142,0.3,OK
22.125,1.0,0.9433,-0.217,0.3,OK
22.218,1.0,0.9496,-0.086,0.2663,OK
22.328,1.0,0.9467,-0.0543,0.2542,OK
22.437,1.0,0.9622,0.0483,0.0405,OK
22.547,1.0,0.9698,0.0594,0.0539,OK
22.64,1.0,1.0237,0.2965,-0.3,OK
22.734,1.0,1.0518,0.298,-0.3,OK
22.828,1.0,1.0518,0.298,-0.3,OK
22.922,1.0,1.0275,-0.0311,0.0912,OK
23.031,1.0,1.024,-0.0313,0.002,OK
23.14,1.0,0.9943,-0.1569,0.3,OK
23.25,1.0,1.0024,-0.0349,0.0368,OK
23.359,1.0,0.9849,-0.1007,0.2876,OK
23.468,1.0,0.9979,0.0143,-0.0138,OK
23.562,1.0,1.0193,0.1128,-0.2061,OK
23.656,1.0,1.0206,0.066,-0.0929,OK
23.765,1.0,1.0187,0.0217,-0.0479,OK
23.875,1.0,1.0264,0.0469,-0.1419,OK
23.984,1.0,1.0418,0.0962,-0.2759,OK
24.078,1.0,1.0238,-0.0367,0.0516,OK
24.172,1.0,0.9838,-0.2191,0.3,OK
24.265,1.0,0.9775,-0.1485,0.2921,OK
24.359,1.0,0.9775,-0.1485,0.3,OK
24.453,1.0,0.9754,-0.0428,0.1496,OK
24.547,1.0,0.9789,-0.0084,0.1231,OK
24.656,1.0,1.0215,0.2019,-0.3,OK
24.765,1.0,1.0165,0.0717,-0.0468,OK
24.875,1.0,1.0248,0.0736,-0.1579,OK
24.984,1.0,1.0076,-0.0467,0.1327,OK
25.093,1.0,0.9835,-0.1375,0.3,OK
25.203,1.0,0.9728,-0.1165,0.2889,OK
25.297,1.0,0.9873,0.0081,0.0232,OK
25.39,1.0,1.031,0.2234,-0.3,OK
25.484,1.0,1.031,0.2234,-0.3,OK
25.578,1.0,1.0188,0.0014,0.0323,OK
25.687,1.0,1.034,0.0686,-0.2314,OK
25.797,1.0,1.0385,0.0542,-0.1732,OK
25.906,1.0,1.0541,0.101,-0.3,OK
26.0,1.0,1.0087,-0.1692,0.3,OK
26.093,1.0,0.9712,-0.2787,0.3,OK
26.187,1.0,0.9619,-0.1937,0.3,OK
26.297,1.0,0.9422,-0.1858,0.3,OK
26.39,1.0,0.9422,-0.1858,0.3,OK
26.5,1.0,0.9311,-0.0817,0.3,OK
26.609,1.0,0.9643,0.1053,-0.065,OK
26.718,1.0,0.9972,0.2077,-0.2736,OK
26.828,1.0,1.0113,0.1656,-0.2237,OK
26.937,1.0,1.0418,0.2252,-0.3,OK
27.047,1.0,1.0475,0.134,-0.3,OK
27.14,1.0,1.0474,0.0723,-0.2301,OK
27.234,1.0,1.0272,-0.0628,0.0597,OK
27.328,1.0,0.9811,-0.2646,0.3,OK
27.422,1.0,0.9811,-0.2646,0.3,OK
27.531,1.0,0.9156,-0.3109,0.3,OK
27.64,1.0,0.9065,-0.2013,0.3,OK
27.75,1.0,0.9208,-0.0275,0.2331,OK
27.859,1.0,0.9166,-0.0333,0.3,OK
27.968,1.0,0.9263,0.0308,0.169,OK
